[{"id":"user-image-2099058.png","publicUrl":"np://user.desktop.nicepage.com/Site_2695201354/images/2099058.png","size":4126,"fileName":"2099058.png","name":"2099058","width":128,"height":128,"thumbnail":{"url":"np://user.desktop.nicepage.com/Site_2695201354/images/thumbnails/2099058.png","width":128,"height":128,"length":4126,"type":"png"},"usages":["219008543"]},{"id":"user-image-3745120.png","publicUrl":"np://user.desktop.nicepage.com/Site_2695201354/images/3745120.png","size":2910,"fileName":"3745120.png","name":"3745120","width":128,"height":128,"thumbnail":{"url":"np://user.desktop.nicepage.com/Site_2695201354/images/thumbnails/3745120.png","width":128,"height":128,"length":2910,"type":"png"},"usages":["219008543"]},{"id":"user-image-711284.png","publicUrl":"np://user.desktop.nicepage.com/Site_2695201354/images/711284.png","size":3175,"fileName":"711284.png","name":"711284","width":128,"height":128,"thumbnail":{"url":"np://user.desktop.nicepage.com/Site_2695201354/images/thumbnails/711284.png","width":128,"height":128,"length":3175,"type":"png"},"usages":["219008543"]},{"id":"user-image-phillips.jpg","publicUrl":"np://user.desktop.nicepage.com/Site_2695201354/images/phillips.jpg","size":33852,"fileName":"phillips.jpg","name":"phillips","width":477,"height":473,"thumbnail":{"url":"np://user.desktop.nicepage.com/Site_2695201354/images/thumbnails/phillips.jpg","width":250,"height":248},"usages":["461418018"]},{"id":"user-image-54-549024_mehndi-henna-mandala-transparent-background-henna-png-png-removebg-preview.png","publicUrl":"np://user.desktop.nicepage.com/Site_2695201354/images/54-549024_mehndi-henna-mandala-transparent-background-henna-png-png-removebg-preview.png","size":165843,"fileName":"54-549024_mehndi-henna-mandala-transparent-background-henna-png-png-removebg-preview.png","name":"54-549024_mehndi-henna-mandala-transparent-background-henna-png-png-removebg-preview","width":488,"height":511,"thumbnail":{"url":"np://user.desktop.nicepage.com/Site_2695201354/images/thumbnails/54-549024_mehndi-henna-mandala-transparent-background-henna-png-png-removebg-preview.png","width":239,"height":250},"usages":["219008543"]},{"id":"user-image-annotated_image0-removebg-preview1.png","publicUrl":"np://user.desktop.nicepage.com/Site_2695201354/images/annotated_image0-removebg-preview1.png","size":165571,"fileName":"annotated_image0-removebg-preview1.png","name":"annotated_image0-removebg-preview1","width":440,"height":500,"thumbnail":{"url":"np://user.desktop.nicepage.com/Site_2695201354/images/thumbnails/annotated_image0-removebg-preview1.png","width":220,"height":250},"usages":["87867480"]},{"id":"user-image-Screenshot_2022-12-14_203626-removebg-preview.png","publicUrl":"np://user.desktop.nicepage.com/Site_2695201354/images/Screenshot_2022-12-14_203626-removebg-preview.png","size":113296,"fileName":"Screenshot_2022-12-14_203626-removebg-preview.png","name":"Screenshot_2022-12-14_203626-removebg-preview","width":618,"height":404,"thumbnail":{"url":"np://user.desktop.nicepage.com/Site_2695201354/images/thumbnails/Screenshot_2022-12-14_203626-removebg-preview.png","width":250,"height":163},"usages":["23817694"]},{"id":"user-image-Image1.jpeg","publicUrl":"np://user.desktop.nicepage.com/Site_2695201354/images/Image1.jpeg","size":1033631,"fileName":"Image1.jpeg","name":"Image1","width":1220,"height":1606,"thumbnail":{"url":"np://user.desktop.nicepage.com/Site_2695201354/images/thumbnails/Image1.jpeg","width":190,"height":250},"usages":["461418018"]},{"id":"user-image-IMG_2027.JPG","publicUrl":"np://user.desktop.nicepage.com/Site_2695201354/images/IMG_2027.JPG","size":342101,"fileName":"IMG_2027.JPG","name":"IMG_2027","width":1025,"height":962,"thumbnail":{"url":"np://user.desktop.nicepage.com/Site_2695201354/images/thumbnails/IMG_2027.JPG","width":250,"height":235},"usages":["461418018"]},{"id":"user-image-IMG_0389_Facetune_26-07-2020-17-05-131.jpeg","publicUrl":"np://user.desktop.nicepage.com/Site_2695201354/images/IMG_0389_Facetune_26-07-2020-17-05-131.jpeg","size":1138002,"fileName":"IMG_0389_Facetune_26-07-2020-17-05-131.jpeg","name":"IMG_0389_Facetune_26-07-2020-17-05-131","width":2192,"height":2320,"thumbnail":{"url":"np://user.desktop.nicepage.com/Site_2695201354/images/thumbnails/IMG_0389_Facetune_26-07-2020-17-05-131.jpeg","width":236,"height":250},"usages":["461418018"]},{"id":"user-image-XYGantry.PNG","publicUrl":"np://user.desktop.nicepage.com/Site_2695201354/images/XYGantry.PNG","size":168577,"fileName":"XYGantry.PNG","name":"XYGantry","width":1034,"height":794,"thumbnail":{"url":"np://user.desktop.nicepage.com/Site_2695201354/images/thumbnails/XYGantry.PNG","width":250,"height":192},"usages":["800200942"]},{"id":"user-image-XMotorMounts.PNG","publicUrl":"np://user.desktop.nicepage.com/Site_2695201354/images/XMotorMounts.PNG","size":157766,"fileName":"XMotorMounts.PNG","name":"XMotorMounts","width":1139,"height":398,"thumbnail":{"url":"np://user.desktop.nicepage.com/Site_2695201354/images/thumbnails/XMotorMounts.PNG","width":250,"height":87},"usages":["800200942"]},{"id":"user-image-YMotorMounts.PNG","publicUrl":"np://user.desktop.nicepage.com/Site_2695201354/images/YMotorMounts.PNG","size":200274,"fileName":"YMotorMounts.PNG","name":"YMotorMounts","width":1057,"height":560,"thumbnail":{"url":"np://user.desktop.nicepage.com/Site_2695201354/images/thumbnails/YMotorMounts.PNG","width":250,"height":132},"usages":["800200942"]},{"id":"user-image-ZAxis.PNG","publicUrl":"np://user.desktop.nicepage.com/Site_2695201354/images/ZAxis.PNG","size":106026,"fileName":"ZAxis.PNG","name":"ZAxis","width":634,"height":631,"thumbnail":{"url":"np://user.desktop.nicepage.com/Site_2695201354/images/thumbnails/ZAxis.PNG","width":250,"height":249},"usages":["800200942"]},{"id":"user-image-ScreenShot2022-12-16at1.33.16AM.png","publicUrl":"np://user.desktop.nicepage.com/Site_2695201354/images/ScreenShot2022-12-16at1.33.16AM.png","size":41242,"fileName":"ScreenShot2022-12-16at1.33.16AM.png","name":"ScreenShot2022-12-16at1.33.16AM","width":422,"height":480,"thumbnail":{"url":"np://user.desktop.nicepage.com/Site_2695201354/images/thumbnails/ScreenShot2022-12-16at1.33.16AM.png","width":220,"height":250},"usages":["800200942"]},{"id":"user-image-CameraMount.PNG","publicUrl":"np://user.desktop.nicepage.com/Site_2695201354/images/CameraMount.PNG","size":356458,"fileName":"CameraMount.PNG","name":"CameraMount","width":1114,"height":839,"thumbnail":{"url":"np://user.desktop.nicepage.com/Site_2695201354/images/thumbnails/CameraMount.PNG","width":250,"height":188},"usages":["800200942"]},{"id":"user-image-ScreenShot2022-12-16at1.35.05AM.png","publicUrl":"np://user.desktop.nicepage.com/Site_2695201354/images/ScreenShot2022-12-16at1.35.05AM.png","size":604286,"fileName":"ScreenShot2022-12-16at1.35.05AM.png","name":"ScreenShot2022-12-16at1.35.05AM","width":516,"height":686,"thumbnail":{"url":"np://user.desktop.nicepage.com/Site_2695201354/images/thumbnails/ScreenShot2022-12-16at1.35.05AM.png","width":188,"height":250},"usages":["800200942"]},{"id":"user-image-CircuitBox.PNG","publicUrl":"np://user.desktop.nicepage.com/Site_2695201354/images/CircuitBox.PNG","size":319963,"fileName":"CircuitBox.PNG","name":"CircuitBox","width":1056,"height":866,"thumbnail":{"url":"np://user.desktop.nicepage.com/Site_2695201354/images/thumbnails/CircuitBox.PNG","width":250,"height":205},"usages":["800200942"]},{"id":"user-image-nema-17-stepper-motor-electric-motor-motion-control-png-favpng-e4ht22CA0MeMdDS3QLXGrsRji-removebg-preview.png","publicUrl":"np://user.desktop.nicepage.com/Site_2695201354/images/nema-17-stepper-motor-electric-motor-motion-control-png-favpng-e4ht22CA0MeMdDS3QLXGrsRji-removebg-preview.png","size":90656,"fileName":"nema-17-stepper-motor-electric-motor-motion-control-png-favpng-e4ht22CA0MeMdDS3QLXGrsRji-removebg-preview.png","name":"nema-17-stepper-motor-electric-motor-motion-control-png-favpng-e4ht22CA0MeMdDS3QLXGrsRji-removebg-preview","width":375,"height":357,"thumbnail":{"url":"np://user.desktop.nicepage.com/Site_2695201354/images/thumbnails/nema-17-stepper-motor-electric-motor-motion-control-png-favpng-e4ht22CA0MeMdDS3QLXGrsRji-removebg-preview.png","width":250,"height":238},"usages":["23817694"]},{"id":"user-image-1549186561030-removebg-preview.png","publicUrl":"np://user.desktop.nicepage.com/Site_2695201354/images/1549186561030-removebg-preview.png","size":77857,"fileName":"1549186561030-removebg-preview.png","name":"1549186561030-removebg-preview","width":300,"height":300,"thumbnail":{"url":"np://user.desktop.nicepage.com/Site_2695201354/images/thumbnails/1549186561030-removebg-preview.png","width":250,"height":250},"usages":["23817694"]},{"id":"user-image-HTB18AnEPVXXXXX3XXXXq6xXFXXXN-removebg-preview.png","publicUrl":"np://user.desktop.nicepage.com/Site_2695201354/images/HTB18AnEPVXXXXX3XXXXq6xXFXXXN-removebg-preview.png","size":149207,"fileName":"HTB18AnEPVXXXXX3XXXXq6xXFXXXN-removebg-preview.png","name":"HTB18AnEPVXXXXX3XXXXq6xXFXXXN-removebg-preview","width":500,"height":500,"thumbnail":{"url":"np://user.desktop.nicepage.com/Site_2695201354/images/thumbnails/HTB18AnEPVXXXXX3XXXXq6xXFXXXN-removebg-preview.png","width":250,"height":250},"usages":["23817694"]},{"id":"user-image-ScreenShot2022-12-16at10.06.11AM.png","publicUrl":"np://user.desktop.nicepage.com/Site_2695201354/images/ScreenShot2022-12-16at10.06.11AM.png","size":470032,"fileName":"ScreenShot2022-12-16at10.06.11AM.png","name":"ScreenShot2022-12-16at10.06.11AM","width":388,"height":464,"thumbnail":{"url":"np://user.desktop.nicepage.com/Site_2695201354/images/thumbnails/ScreenShot2022-12-16at10.06.11AM.png","width":209,"height":250},"usages":["23817694"]},{"id":"user-image-Image1-min.jpeg","publicUrl":"np://user.desktop.nicepage.com/Site_2695201354/images/Image1-min.jpeg","size":912546,"fileName":"Image1-min.jpeg","name":"Image1-min","width":3024,"height":4032,"thumbnail":{"url":"np://user.desktop.nicepage.com/Site_2695201354/images/thumbnails/Image1-min.jpeg","width":188,"height":250},"usages":["23817694","219008543"]},{"id":"user-image-mehndididi-removebg-preview.png","publicUrl":"np://user.desktop.nicepage.com/Site_2695201354/images/mehndididi-removebg-preview.png","size":135907,"fileName":"mehndididi-removebg-preview.png","name":"mehndididi-removebg-preview","width":433,"height":577,"thumbnail":{"url":"np://user.desktop.nicepage.com/Site_2695201354/images/thumbnails/mehndididi-removebg-preview.png","width":188,"height":250},"usages":["219008543"]},{"id":"user-image-thumbnail_image__2_-removebg-preview1.png","publicUrl":"np://user.desktop.nicepage.com/Site_2695201354/images/thumbnail_image__2_-removebg-preview1.png","size":80364,"fileName":"thumbnail_image__2_-removebg-preview1.png","name":"thumbnail_image__2_-removebg-preview1","width":790,"height":316,"thumbnail":{"url":"np://user.desktop.nicepage.com/Site_2695201354/images/thumbnails/thumbnail_image__2_-removebg-preview1.png","width":250,"height":100},"usages":["219008543"]},{"id":"user-image-thumbnail_image-removebg-preview3.png","publicUrl":"np://user.desktop.nicepage.com/Site_2695201354/images/thumbnail_image-removebg-preview3.png","size":82210,"fileName":"thumbnail_image-removebg-preview3.png","name":"thumbnail_image-removebg-preview3","width":489,"height":511,"thumbnail":{"url":"np://user.desktop.nicepage.com/Site_2695201354/images/thumbnails/thumbnail_image-removebg-preview3.png","width":239,"height":250},"usages":["219008543"]},{"id":"user-image-thumbnail_image__1_-removebg-preview1.png","publicUrl":"np://user.desktop.nicepage.com/Site_2695201354/images/thumbnail_image__1_-removebg-preview1.png","size":92321,"fileName":"thumbnail_image__1_-removebg-preview1.png","name":"thumbnail_image__1_-removebg-preview1","width":489,"height":510,"thumbnail":{"url":"np://user.desktop.nicepage.com/Site_2695201354/images/thumbnails/thumbnail_image__1_-removebg-preview1.png","width":240,"height":250},"usages":["219008543"]},{"id":"user-image-Image2.jpeg","publicUrl":"np://user.desktop.nicepage.com/Site_2695201354/images/Image2.jpeg","size":417165,"fileName":"Image2.jpeg","name":"Image2","width":1500,"height":2000,"thumbnail":{"url":"np://user.desktop.nicepage.com/Site_2695201354/images/thumbnails/Image2.jpeg","width":188,"height":250},"usages":["219008543"]},{"id":"user-image-Image5.jpeg","publicUrl":"np://user.desktop.nicepage.com/Site_2695201354/images/Image5.jpeg","size":462344,"fileName":"Image5.jpeg","name":"Image5","width":2000,"height":1500,"thumbnail":{"url":"np://user.desktop.nicepage.com/Site_2695201354/images/thumbnails/Image5.jpeg","width":250,"height":188},"usages":["219008543"]},{"id":"user-image-Image3.jpeg","publicUrl":"np://user.desktop.nicepage.com/Site_2695201354/images/Image3.jpeg","size":475485,"fileName":"Image3.jpeg","name":"Image3","width":2000,"height":1500,"thumbnail":{"url":"np://user.desktop.nicepage.com/Site_2695201354/images/thumbnails/Image3.jpeg","width":250,"height":188},"usages":["219008543"]},{"id":"user-image-Image4.jpeg","publicUrl":"np://user.desktop.nicepage.com/Site_2695201354/images/Image4.jpeg","size":521762,"fileName":"Image4.jpeg","name":"Image4","width":1500,"height":2000,"thumbnail":{"url":"np://user.desktop.nicepage.com/Site_2695201354/images/thumbnails/Image4.jpeg","width":188,"height":250},"usages":["219008543"]},{"id":"user-image-ScreenShot2022-12-16at1.51.45PM.png","publicUrl":"np://user.desktop.nicepage.com/Site_2695201354/images/ScreenShot2022-12-16at1.51.45PM.png","size":76120,"fileName":"ScreenShot2022-12-16at1.51.45PM.png","name":"ScreenShot2022-12-16at1.51.45PM","width":1220,"height":630,"thumbnail":{"url":"np://user.desktop.nicepage.com/Site_2695201354/images/thumbnails/ScreenShot2022-12-16at1.51.45PM.png","width":250,"height":129},"usages":["219008543"]},{"id":"user-image-ScreenShot2022-12-16at2.01.38PM.png","publicUrl":"np://user.desktop.nicepage.com/Site_2695201354/images/ScreenShot2022-12-16at2.01.38PM.png","size":3342988,"fileName":"ScreenShot2022-12-16at2.01.38PM.png","name":"ScreenShot2022-12-16at2.01.38PM","width":1452,"height":1480,"thumbnail":{"url":"np://user.desktop.nicepage.com/Site_2695201354/images/thumbnails/ScreenShot2022-12-16at2.01.38PM.png","width":245,"height":250},"usages":["461418018"]}]